<?xml version="1.0" encoding="UTF-8"?>
<project-private xmlns="http://www.netbeans.org/ns/project-private/1">
    <editor-bookmarks xmlns="http://www.netbeans.org/ns/editor-bookmarks/2" lastBookmarkId="0"/>
    <open-files xmlns="http://www.netbeans.org/ns/projectui-open-files/2">
        <group>
            <file>file:/Users/krithikasridharan/Desktop/WhetherOrNot%202/web/about.jsp</file>
            <file>file:/Users/krithikasridharan/Desktop/WhetherOrNot%202/web/val.jsp</file>
            <file>file:/Users/krithikasridharan/Desktop/WhetherOrNot%202/web/LoginPage.jsp</file>
            <file>file:/Users/krithikasridharan/Desktop/WhetherOrNot%202/web/contact.jsp</file>
            <file>file:/Users/krithikasridharan/Desktop/WhetherOrNot%202/web/footer.jsp</file>
            <file>file:/Users/krithikasridharan/Desktop/WhetherOrNot%202/web/header.jsp</file>
            <file>file:/Users/krithikasridharan/Desktop/WhetherOrNot%202/web/headerLogged.jsp</file>
            <file>file:/Users/krithikasridharan/Desktop/WhetherOrNot%202/web/headerfol.jsp</file>
            <file>file:/Users/krithikasridharan/Desktop/WhetherOrNot%202/web/index.jsp</file>
            <file>file:/Users/krithikasridharan/Desktop/WhetherOrNot%202/web/menu.jsp</file>
            <file>file:/Users/krithikasridharan/Desktop/WhetherOrNot%202/web/newsUpdates.jsp</file>
            <file>file:/Users/krithikasridharan/Desktop/WhetherOrNot%202/web/omFrames.jsp</file>
            <file>file:/Users/krithikasridharan/Desktop/WhetherOrNot%202/web/operationManagerHomeDashboard.jsp</file>
            <file>file:/Users/krithikasridharan/Desktop/WhetherOrNot%202/web/parking.jsp</file>
            <file>file:/Users/krithikasridharan/Desktop/WhetherOrNot%202/web/postComplaints.jsp</file>
            <file>file:/Users/krithikasridharan/Desktop/WhetherOrNot%202/web/postFeedback.jsp</file>
            <file>file:/Users/krithikasridharan/Desktop/WhetherOrNot%202/web/staffHome.jsp</file>
            <file>file:/Users/krithikasridharan/Desktop/WhetherOrNot%202/web/statistics.jsp</file>
            <file>file:/Users/krithikasridharan/Desktop/WhetherOrNot%202/web/trafficUpdates.jsp</file>
            <file>file:/Users/krithikasridharan/Desktop/WhetherOrNot%202/web/transportation.jsp</file>
            <file>file:/Users/krithikasridharan/Desktop/WhetherOrNot%202/web/userRegistration.jsp</file>
            <file>file:/Users/krithikasridharan/Desktop/WhetherOrNot%202/web/userpage.jsp</file>
            <file>file:/Users/krithikasridharan/Desktop/WhetherOrNot%202/web/viewComplaints.jsp</file>
            <file>file:/Users/krithikasridharan/Desktop/WhetherOrNot%202/web/viewFeedbacks.jsp</file>
            <file>file:/Users/krithikasridharan/Desktop/WhetherOrNot%202/web/view_editComplaint.jsp</file>
            <file>file:/Users/krithikasridharan/Desktop/WhetherOrNot%202/web/weather.jsp</file>
        </group>
    </open-files>
</project-private>
